{
  "POST prestador" : {
    "transaction" : "POST prestador",
    "sampleCount" : 100,
    "errorCount" : 0,
    "errorPct" : 0.0,
    "meanResTime" : 2078.6,
    "medianResTime" : 2562.0,
    "minResTime" : 198.0,
    "maxResTime" : 3610.0,
    "pct1ResTime" : 3378.9,
    "pct2ResTime" : 3510.1,
    "pct3ResTime" : 3609.2499999999995,
    "throughput" : 5.605381165919282,
    "receivedKBytesPerSec" : 6.04877557455157,
    "sentKBytesPerSec" : 3.421253153026906
  },
  "GET exame" : {
    "transaction" : "GET exame",
    "sampleCount" : 1000,
    "errorCount" : 0,
    "errorPct" : 0.0,
    "meanResTime" : 735.2419999999998,
    "medianResTime" : 576.0,
    "minResTime" : 165.0,
    "maxResTime" : 2106.0,
    "pct1ResTime" : 1518.1999999999998,
    "pct2ResTime" : 1679.9499999999998,
    "pct3ResTime" : 1905.99,
    "throughput" : 15.50195324610901,
    "receivedKBytesPerSec" : 365.0548763089462,
    "sentKBytesPerSec" : 2.2253780538847896
  },
  "POST exame" : {
    "transaction" : "POST exame",
    "sampleCount" : 100,
    "errorCount" : 0,
    "errorPct" : 0.0,
    "meanResTime" : 669.4100000000001,
    "medianResTime" : 662.5,
    "minResTime" : 180.0,
    "maxResTime" : 2343.0,
    "pct1ResTime" : 1285.0,
    "pct2ResTime" : 1343.0,
    "pct3ResTime" : 2342.93,
    "throughput" : 7.119464616260857,
    "receivedKBytesPerSec" : 6.3755361846789125,
    "sentKBytesPerSec" : 2.6072258116189664
  },
  "POST associado" : {
    "transaction" : "POST associado",
    "sampleCount" : 100,
    "errorCount" : 0,
    "errorPct" : 0.0,
    "meanResTime" : 1522.2800000000004,
    "medianResTime" : 1818.5,
    "minResTime" : 183.0,
    "maxResTime" : 3151.0,
    "pct1ResTime" : 2078.8,
    "pct2ResTime" : 2086.0,
    "pct3ResTime" : 3143.189999999996,
    "throughput" : 6.211951795254069,
    "receivedKBytesPerSec" : 7.825603335818115,
    "sentKBytesPerSec" : 5.32626335569636
  },
  "POST tipoExame" : {
    "transaction" : "POST tipoExame",
    "sampleCount" : 100,
    "errorCount" : 0,
    "errorPct" : 0.0,
    "meanResTime" : 904.9799999999999,
    "medianResTime" : 677.5,
    "minResTime" : 171.0,
    "maxResTime" : 2729.0,
    "pct1ResTime" : 1371.0,
    "pct2ResTime" : 1568.6999999999998,
    "pct3ResTime" : 2717.7599999999943,
    "throughput" : 6.739452756436178,
    "receivedKBytesPerSec" : 4.949285618007818,
    "sentKBytesPerSec" : 1.829656119423103
  },
  "GET consulta" : {
    "transaction" : "GET consulta",
    "sampleCount" : 1000,
    "errorCount" : 0,
    "errorPct" : 0.0,
    "meanResTime" : 752.6719999999997,
    "medianResTime" : 479.5,
    "minResTime" : 162.0,
    "maxResTime" : 3110.0,
    "pct1ResTime" : 1540.0,
    "pct2ResTime" : 3014.8999999999414,
    "pct3ResTime" : 3086.99,
    "throughput" : 15.652636686649867,
    "receivedKBytesPerSec" : 244.87866821986475,
    "sentKBytesPerSec" : 2.2928667021459765
  },
  "GET prestador" : {
    "transaction" : "GET prestador",
    "sampleCount" : 1000,
    "errorCount" : 0,
    "errorPct" : 0.0,
    "meanResTime" : 1187.330999999999,
    "medianResTime" : 1120.0,
    "minResTime" : 201.0,
    "maxResTime" : 3238.0,
    "pct1ResTime" : 2105.8,
    "pct2ResTime" : 2334.85,
    "pct3ResTime" : 2413.99,
    "throughput" : 14.211206957806926,
    "receivedKBytesPerSec" : 525.4889654418974,
    "sentKBytesPerSec" : 2.0955979010047323
  },
  "POST conveniado" : {
    "transaction" : "POST conveniado",
    "sampleCount" : 100,
    "errorCount" : 0,
    "errorPct" : 0.0,
    "meanResTime" : 1297.5599999999997,
    "medianResTime" : 1540.0,
    "minResTime" : 202.0,
    "maxResTime" : 2091.0,
    "pct1ResTime" : 2044.0,
    "pct2ResTime" : 2053.0,
    "pct3ResTime" : 2090.77,
    "throughput" : 6.037189084762135,
    "receivedKBytesPerSec" : 5.500681070393624,
    "sentKBytesPerSec" : 2.7709754588263706
  },
  "GET conveniado" : {
    "transaction" : "GET conveniado",
    "sampleCount" : 1000,
    "errorCount" : 0,
    "errorPct" : 0.0,
    "meanResTime" : 876.8539999999988,
    "medianResTime" : 822.0,
    "minResTime" : 161.0,
    "maxResTime" : 3119.0,
    "pct1ResTime" : 1817.0,
    "pct2ResTime" : 2072.0,
    "pct3ResTime" : 2082.0,
    "throughput" : 14.701990649533947,
    "receivedKBytesPerSec" : 123.28728987639302,
    "sentKBytesPerSec" : 2.1823267370401953
  },
  "POST consulta" : {
    "transaction" : "POST consulta",
    "sampleCount" : 100,
    "errorCount" : 0,
    "errorPct" : 0.0,
    "meanResTime" : 1218.9299999999992,
    "medianResTime" : 1285.0,
    "minResTime" : 169.0,
    "maxResTime" : 3331.0,
    "pct1ResTime" : 3040.1,
    "pct2ResTime" : 3190.95,
    "pct3ResTime" : 3330.92,
    "throughput" : 6.4053292339226235,
    "receivedKBytesPerSec" : 5.535855832052268,
    "sentKBytesPerSec" : 2.339446419420958
  },
  "POST especialidade" : {
    "transaction" : "POST especialidade",
    "sampleCount" : 100,
    "errorCount" : 0,
    "errorPct" : 0.0,
    "meanResTime" : 1302.28,
    "medianResTime" : 1512.5,
    "minResTime" : 185.0,
    "maxResTime" : 2215.0,
    "pct1ResTime" : 1976.7,
    "pct2ResTime" : 2166.0,
    "pct3ResTime" : 2214.97,
    "throughput" : 5.989099838294304,
    "receivedKBytesPerSec" : 4.404093924058214,
    "sentKBytesPerSec" : 1.6376444870335989
  },
  "GET associado" : {
    "transaction" : "GET associado",
    "sampleCount" : 1000,
    "errorCount" : 0,
    "errorPct" : 0.0,
    "meanResTime" : 1067.2429999999995,
    "medianResTime" : 1035.5,
    "minResTime" : 174.0,
    "maxResTime" : 2421.0,
    "pct1ResTime" : 1636.0,
    "pct2ResTime" : 2093.8999999999996,
    "pct3ResTime" : 2351.0,
    "throughput" : 15.065686392672049,
    "receivedKBytesPerSec" : 621.7948046451277,
    "sentKBytesPerSec" : 2.2216002395444137
  },
  "POST plano" : {
    "transaction" : "POST plano",
    "sampleCount" : 100,
    "errorCount" : 0,
    "errorPct" : 0.0,
    "meanResTime" : 1365.1200000000003,
    "medianResTime" : 1254.0,
    "minResTime" : 166.0,
    "maxResTime" : 2209.0,
    "pct1ResTime" : 2169.8,
    "pct2ResTime" : 2204.95,
    "pct3ResTime" : 2208.99,
    "throughput" : 6.409845522722902,
    "receivedKBytesPerSec" : 5.758845586821358,
    "sentKBytesPerSec" : 3.0859900807640535
  },
  "GET plano" : {
    "transaction" : "GET plano",
    "sampleCount" : 1000,
    "errorCount" : 0,
    "errorPct" : 0.0,
    "meanResTime" : 926.5420000000006,
    "medianResTime" : 994.0,
    "minResTime" : 165.0,
    "maxResTime" : 2108.0,
    "pct1ResTime" : 1464.0,
    "pct2ResTime" : 1498.0,
    "pct3ResTime" : 2084.0,
    "throughput" : 14.440016172818114,
    "receivedKBytesPerSec" : 267.91430662652346,
    "sentKBytesPerSec" : 2.0729320091838503
  },
  "GET especialidade" : {
    "transaction" : "GET especialidade",
    "sampleCount" : 1000,
    "errorCount" : 0,
    "errorPct" : 0.0,
    "meanResTime" : 1004.2150000000006,
    "medianResTime" : 805.0,
    "minResTime" : 161.0,
    "maxResTime" : 3554.0,
    "pct1ResTime" : 2792.4999999999764,
    "pct2ResTime" : 3215.7,
    "pct3ResTime" : 3520.8900000000003,
    "throughput" : 13.626762962458269,
    "receivedKBytesPerSec" : 42.38383716869932,
    "sentKBytesPerSec" : 2.062644784356476
  },
  "Total" : {
    "transaction" : "Total",
    "sampleCount" : 8800,
    "errorCount" : 0,
    "errorPct" : 0.0,
    "meanResTime" : 932.4553409090889,
    "medianResTime" : 870.0,
    "minResTime" : 161.0,
    "maxResTime" : 3610.0,
    "pct1ResTime" : 1644.0,
    "pct2ResTime" : 2087.949999999999,
    "pct3ResTime" : 3189.99,
    "throughput" : 117.69426240470777,
    "receivedKBytesPerSec" : 2026.551293759195,
    "sentKBytesPerSec" : 20.653180169185504
  },
  "GET tipoExame" : {
    "transaction" : "GET tipoExame",
    "sampleCount" : 1000,
    "errorCount" : 0,
    "errorPct" : 0.0,
    "meanResTime" : 619.5920000000008,
    "medianResTime" : 429.0,
    "minResTime" : 161.0,
    "maxResTime" : 3321.0,
    "pct1ResTime" : 1281.0,
    "pct2ResTime" : 1373.0,
    "pct3ResTime" : 2941.99,
    "throughput" : 15.764665079690383,